{
    "info": {
    "title": "Api de cliente y productos con swagger",
    "version": "1.0.0",
    "description": "TP",
    "contact":{
      "email":"groupbit@gmail.com",
      "url":"https://groupbit.github.io/"
    }
  },
"schemes":[
  "http",
  "https"
  
],
"basePath":"/",
"tags":[
  {
    "name": "Clientes",
    "description": "Api de clientes"
  },
  {
  "name": "Productos","description": "Api de productos"
  }
  ],
"consumes":[
  "application/json"
],
"produces":[
  "application/json"
],
"paths":{
  "/clientes":{
    "get":{
      "tags":[
        "Clientes"
      ],
      "summary": "Lista de todos los clientes en el sistema",
      "responses":{
        "200":{
          "description": "Ok",
             "schema":{
                "type":"array",
                "items":{
                  "$ref":"#/definitions/clientes"
                }
              }
        }  
      }
    },
    "post":{
      "tags":[
        "Clientes"
      ],
    "summary":"Agrega un cliente al listado",
    "description":"Objeto cliente",
    "parameters":[
      { "name":"Cliente",
        "in":"body",
        "required":true,
        "schema":{
          "$ref": "#/definitions/clienteSinId"
              }
      }
    ],
      
      "produces": [
        "application/json"
      ],
      "responses":{
        "204":{
          "description":"Ok",
          "schema":{
            "$ref": "#/definitions/cliente"
          }
        }
      }
    },
    "put":{
      "summary": "Edita un cliente de la lista",
      "tags": [
          "Clientes"
      ],
      "parameters": [
        {
            "in": "body",
            "name": "body",
            "required": true,
            "description": "Cliente con modificaciones",
            "schema": {
                "$ref": "#/definitions/cliente"
            }
        }
      ],
      "responses": {
          "204": {
              "description": "OK",
              "schema":{
                "$ref":"#/definitions/cliente"
              }
          },
          "404": {
            "description": "No se puede encontrar el cliente."
        }
      }
    }
  },  
  "/clientes/{id}":{
     
        "parameters": [
        {
            "in": "path",
            "name": "id",
            "required": true,
            "description": "Cliente",
            "produces":["application/json"],
            "schema": {
                "$ref": "#/definitions/id"
            }
        }
        ],
        "delete":{
          "tags":[
            "Clientes"
          ],

      "summary":"Borra el cliente correspondiente al Id",
      "responses":{
        "204":{
          "description": "Ok",
          "schema":{
            "ref":"#/definitions/cliente"
          }
        }
      }
    },
    "get":{
      "tags":[
        "Clientes"
      ],
      "summary":"Devuelve el cliente correspondiente al Id",
      "responses":{
        "204":{
          "description": "Ok",
          "schema":{
            "ref":"#/definitions/cliente"
          }
        }
      }
    }
  },


"/productos":{

  "get":{
    "tags":[
      "Productos"
    ],
    "summary": "Lista de todos los productos del sistema",
    "responses":{
      "200":{
        "description": "Ok",
           "schema":{
              "type":"array",
              "items":{
                "$ref":"#/definitions/productos"
              }
            }
      }  
    }
  },
  "post":{
    "tags":[
      "Productos"
    ],
  "summary":"Agrega un producto al listado",
  "description":"Objeto producto",
  "parameters":[
    { "name":"Producto",
      "in":"body",
      "required":true,
      "schema":{
        "$ref": "#/definitions/productoSinId"
            }
    }
  ],
    
    "produces": [
      "application/json"
    ],
    "responses":{
      "204":{
        "description":"Ok",
        "schema":{
          "$ref": "#/definitions/producto"
        }
      }
    }
  },

  "put":{
    "summary": "Edita un producto de la lista",
    "tags": [
        "Productos"
    ],
    "parameters": [
      {
          "in": "body",
          "name": "body",
          "required": true,
          "description": "Producto con modificaciones",
          "schema": {
              "$ref": "#/definitions/producto"
          }
      }
    ],
  
    "responses": {
        "204": {
            "description": "OK",
            "schema":{
              "$ref":"#/definitions/producto"
            }
        },
        "404": {
          "description": "No se puede encontrar el producto."
      }
    }
  }
}, 
"/productos/{id}":{
 
      "parameters": [
      {
          "in": "path",
          "name": "id",
          "required": true,
          "description": "Producto",
          "produces":["application/json"],
          "schema": {
              "$ref": "#/definitions/id"
          }
      }
  ],
  "delete":{
    "tags":[
      "Productos"
    ],
    "summary":"Borra el producto correspondiente al Id",
    "responses":{
      "204":{
        "description": "Ok",
        "schema":{
          "ref":"#/definitions/producto"
        }
      }
    }
  },
"get":{
  "tags":[
    "Productos"
  ],
  "summary":"Devuelve el producto correspondiente al Id",
  "responses":{
    "204":{
      "description": "Ok",
      "schema":{
        "ref":"#/definitions/producto"
      }
    }
  }
}
}

},

"definitions":{
    "id": {
        "properties": {
            "uuid": {
                "type": "string"
            }
        }
    },
    "cliente":{
      "type":"object",
      "properties":{
        "id":{
          "required":true,
          "example":32
        } ,
        "nombre":{
          "required": true,
          "type":"string",
          "example":"Martina"
        },
        "apellido":{
          "required": true,
          "type":"string",
          "example":"Ramirez"
        }
      }
    },
    "clienteSinId":{
      "type":"object",
      "properties":{
        
        "nombre":{
          "required": true,
          "type":"string",
          "example":"Martina"
        },
        "apellido":{
          "required": true,
          "type":"string",
          "example":"Ramirez"
        }
      }
    },
    "clientes": {
      "type": "object",
      "properties": {
          "clientes": {
              "type": "object",
              "additionalProperties": {
                  "$ref": "#/definitions/cliente"
              }
          }
        }
    },
  
"producto":{
  "type":"object",
  "properties":{
    "id":{
      "required":true,
      "example":123
    } ,
    "nombre":{
      "required": true,
      "type":"string",
      "example":"Yerba"
    },
    "precio":{
      "required": true,
      "type":"string",
      "example":"$119"
    }
  }
},

"productoSinId":{
  "type":"object",
  "properties":{
    
    "nombre":{
      "required": true,
      "type":"string",
      "example":"Yerba"
    },
    "precio":{
      "required": true,
      "type":"string",
      "example":"115"
    }
  }
},
"productos": {
  "type": "object",
  "properties": {
      "productos": {
          "type": "object",
          "additionalProperties": {
              "$ref": "#/definitions/producto"
          }
      }
    }
}
   }
  } 
 




